product_id,category,brand,country,weight,packaging,base_price,fat_content,organic,is_imported,store,price,promo,price_per_100g,price_tier
prod_0000,яйца,Аман-Гринфуд,Кыргызстан,1770,картон,269.7,0.0,1,0,Globus,293.3,0,16.57,premium
prod_0000,яйца,Аман-Гринфуд,Кыргызстан,1770,картон,269.7,0.0,1,0,Narodny,216.0,1,12.2,medium
prod_0001,чай_кофе,Carte Noire,Россия,200,пакет,177.5,0.0,1,1,Globus,172.0,1,86.0,premium
prod_0001,чай_кофе,Carte Noire,Россия,200,пакет,177.5,0.0,1,1,Narodny,157.4,0,78.7,premium
prod_0002,напитки,Шоро,Кыргызстан,1500,пластик,143.7,0.0,0,0,Globus,137.3,1,9.15,medium
prod_0002,напитки,Шоро,Кыргызстан,1500,пластик,143.7,0.0,0,0,Narodny,131.0,0,8.73,medium
prod_0003,чай_кофе,Пиала,Казахстан,200,банка,207.4,0.0,0,1,Globus,168.2,1,84.1,premium
prod_0003,чай_кофе,Пиала,Казахстан,200,банка,207.4,0.0,0,1,Narodny,136.8,1,68.4,premium
prod_0004,молочное,Веселый молочник (KG),Кыргызстан,1000,пластик,92.8,2.5,0,0,Globus,93.6,1,9.36,medium
prod_0004,молочное,Веселый молочник (KG),Кыргызстан,1000,пластик,92.8,2.5,0,0,Narodny,86.9,0,8.69,medium
prod_0005,хлебобулочные,Бишкекнан,Кыргызстан,500,пакет,24.4,0.0,0,0,Globus,27.3,0,5.46,budget
prod_0005,хлебобулочные,Бишкекнан,Кыргызстан,500,пакет,24.4,0.0,0,0,Narodny,23.0,0,4.6,budget
prod_0006,хлебобулочные,Бишкекнан,Кыргызстан,500,пакет,28.9,0.0,0,0,Globus,32.5,0,6.5,budget
prod_0006,хлебобулочные,Бишкекнан,Кыргызстан,500,пакет,28.9,0.0,0,0,Narodny,26.3,0,5.26,budget
prod_0007,овощи_фрукты,Generic,Кыргызстан,500,пакет,43.1,0.0,0,0,Globus,47.5,0,9.5,medium
prod_0007,овощи_фрукты,Generic,Кыргызстан,500,пакет,43.1,0.0,0,0,Narodny,39.7,0,7.94,budget
prod_0008,сыры,Hochland,Россия,400,пакет,198.2,1.5,0,1,Globus,225.1,0,56.28,premium
prod_0008,сыры,Hochland,Россия,400,пакет,198.2,1.5,0,1,Narodny,143.2,1,35.8,premium
prod_0009,кондитерка,Куликовский,Кыргызстан,500,коробка,63.3,0.0,0,0,Globus,68.5,0,13.7,medium
prod_0009,кондитерка,Куликовский,Кыргызстан,500,коробка,63.3,0.0,0,0,Narodny,57.3,0,11.46,medium
prod_0010,яйца,Аман-Гринфуд,Кыргызстан,1200,картон,154.9,0.0,0,0,Globus,145.7,1,12.14,medium
prod_0010,яйца,Аман-Гринфуд,Кыргызстан,1200,картон,154.9,0.0,0,0,Narodny,141.7,0,11.81,medium
prod_0011,яйца,Аман-Гринфуд,Кыргызстан,1740,картон,244.5,0.0,0,0,Globus,280.4,0,16.11,medium
prod_0011,яйца,Аман-Гринфуд,Кыргызстан,1740,картон,244.5,0.0,0,0,Narodny,216.1,0,12.42,medium
prod_0012,яйца,Элдик,Кыргызстан,580,картон,91.1,0.0,1,0,Globus,83.8,1,14.45,medium
prod_0012,яйца,Элдик,Кыргызстан,580,картон,91.1,0.0,1,0,Narodny,84.3,0,14.53,medium
prod_0013,сыры,Hochland,Россия,400,пакет,168.2,9.0,0,1,Globus,187.0,0,46.75,premium
prod_0013,сыры,Hochland,Россия,400,пакет,168.2,9.0,0,1,Narodny,160.7,0,40.17,premium
prod_0014,яйца,Аман-Гринфуд,Кыргызстан,1140,картон,144.0,0.0,0,0,Globus,156.4,0,13.72,medium
prod_0014,яйца,Аман-Гринфуд,Кыргызстан,1140,картон,144.0,0.0,0,0,Narodny,127.2,0,11.16,medium
prod_0015,овощи_фрукты,Generic,Кыргызстан,500,пакет,37.8,0.0,0,0,Globus,43.4,0,8.68,medium
prod_0015,овощи_фрукты,Generic,Кыргызстан,500,пакет,37.8,0.0,0,0,Narodny,35.3,0,7.06,budget
prod_0016,бакалея,Цесна,Казахстан,500,пакет,38.2,0.0,0,1,Globus,43.7,0,8.74,medium
prod_0016,бакалея,Цесна,Казахстан,500,пакет,38.2,0.0,0,1,Narodny,36.3,0,7.26,budget
prod_0017,бакалея,Султан,Казахстан,500,пакет,43.8,0.0,0,1,Globus,47.5,0,9.5,medium
prod_0017,бакалея,Султан,Казахстан,500,пакет,43.8,0.0,0,1,Narodny,39.9,0,7.98,budget
prod_0018,сыры,President,Россия,400,пакет,189.1,1.5,0,1,Globus,211.6,0,52.9,premium
prod_0018,сыры,President,Россия,400,пакет,189.1,1.5,0,1,Narodny,170.7,0,42.68,premium
prod_0019,масло_соусы,Олейна,Казахстан,500,пакет,77.3,0.0,0,1,Globus,88.7,0,17.74,premium
prod_0019,масло_соусы,Олейна,Казахстан,500,пакет,77.3,0.0,0,1,Narodny,57.5,1,11.5,medium
prod_0020,крупы,Агро-Альянс,Россия,1000,пакет,80.3,0.0,0,1,Globus,91.9,0,9.19,medium
prod_0020,крупы,Агро-Альянс,Россия,1000,пакет,80.3,0.0,0,1,Narodny,75.4,0,7.54,budget
prod_0021,мясо,Шер,Кыргызстан,500,вакуум,317.7,0.0,0,0,Globus,346.0,0,69.2,premium
prod_0021,мясо,Шер,Кыргызстан,500,вакуум,317.7,0.0,0,0,Narodny,282.0,0,56.4,premium
prod_0022,бакалея,Султан,Казахстан,500,пакет,42.8,0.0,1,1,Globus,48.2,0,9.64,medium
prod_0022,бакалея,Султан,Казахстан,500,пакет,42.8,0.0,1,1,Narodny,38.2,0,7.64,budget
prod_0023,хлебобулочные,Бишкекнан,Кыргызстан,300,пакет,20.0,0.0,0,0,Globus,22.9,0,7.63,budget
prod_0023,хлебобулочные,Бишкекнан,Кыргызстан,300,пакет,20.0,0.0,0,0,Narodny,16.0,1,5.33,budget
prod_0024,мясо,Ал-Халал,Кыргызстан,500,вакуум,307.3,0.0,0,0,Globus,261.2,1,52.24,premium
prod_0024,мясо,Ал-Халал,Кыргызстан,500,вакуум,307.3,0.0,0,0,Narodny,296.7,0,59.34,premium
prod_0025,крупы,Мистраль,Россия,1000,пакет,70.8,0.0,0,1,Globus,72.2,1,7.22,budget
prod_0025,крупы,Мистраль,Россия,1000,пакет,70.8,0.0,0,1,Narodny,54.3,1,5.43,budget
prod_0026,чай_кофе,Jacobs,Россия,200,банка,159.3,0.0,0,1,Globus,177.7,0,88.85,premium
prod_0026,чай_кофе,Jacobs,Россия,200,банка,159.3,0.0,0,1,Narodny,150.8,0,75.4,premium
prod_0027,масло_соусы,Олейна,Казахстан,500,пакет,93.4,0.0,1,1,Globus,105.2,0,21.04,premium
prod_0027,масло_соусы,Олейна,Казахстан,500,пакет,93.4,0.0,1,1,Narodny,87.4,0,17.48,premium
prod_0028,молочное,Домик в деревне (KG),Кыргызстан,900,картон,80.4,1.5,0,0,Globus,73.5,1,8.17,budget
prod_0028,молочное,Домик в деревне (KG),Кыргызстан,900,картон,80.4,1.5,0,0,Narodny,75.3,0,8.37,budget
prod_0029,молочное,Умут и Ко,Кыргызстан,900,пластик,83.0,1.5,0,0,Globus,72.5,1,8.06,budget
prod_0029,молочное,Умут и Ко,Кыргызстан,900,пластик,83.0,1.5,0,0,Narodny,78.4,0,8.71,medium
prod_0030,кондитерка,Ferrero,Италия,500,пакет,56.4,0.0,0,1,Globus,63.3,0,12.66,medium
prod_0030,кондитерка,Ferrero,Италия,500,пакет,56.4,0.0,0,1,Narodny,40.1,1,8.02,budget
prod_0031,сыры,Hochland,Россия,300,пакет,184.9,2.5,1,1,Globus,212.2,0,70.73,premium
prod_0031,сыры,Hochland,Россия,300,пакет,184.9,2.5,1,1,Narodny,148.5,1,49.5,premium
prod_0032,яйца,Элдик,Кыргызстан,1220,картон,222.0,0.0,0,0,Globus,248.6,0,20.38,premium
prod_0032,яйца,Элдик,Кыргызстан,1220,картон,222.0,0.0,0,0,Narodny,210.7,0,17.27,premium
prod_0033,мясо,Ал-Халал,Кыргызстан,1000,вакуум,581.2,0.0,0,0,Globus,648.2,0,64.82,premium
prod_0033,мясо,Ал-Халал,Кыргызстан,1000,вакуум,581.2,0.0,0,0,Narodny,426.8,1,42.68,premium
prod_0034,напитки,Rich,Россия,500,стекло,48.7,0.0,0,1,Globus,44.2,1,8.84,medium
prod_0034,напитки,Rich,Россия,500,стекло,48.7,0.0,0,1,Narodny,44.5,0,8.9,medium
prod_0035,крупы,Увелка,Россия,1000,пакет,61.5,0.0,1,1,Globus,69.5,0,6.95,budget
prod_0035,крупы,Увелка,Россия,1000,пакет,61.5,0.0,1,1,Narodny,40.1,1,4.01,budget
prod_0036,масло_соусы,Злато,Россия,500,пакет,91.9,0.0,0,1,Globus,102.1,0,20.42,premium
prod_0036,масло_соусы,Злато,Россия,500,пакет,91.9,0.0,0,1,Narodny,77.4,1,15.48,medium
prod_0037,крупы,Мистраль,Россия,800,пакет,45.0,0.0,0,1,Globus,51.2,0,6.4,budget
prod_0037,крупы,Мистраль,Россия,800,пакет,45.0,0.0,0,1,Narodny,43.4,0,5.42,budget
prod_0038,овощи_фрукты,Generic,Кыргызстан,500,пакет,34.7,0.0,0,0,Globus,38.4,0,7.68,budget
prod_0038,овощи_фрукты,Generic,Кыргызстан,500,пакет,34.7,0.0,0,0,Narodny,23.6,1,4.72,budget
prod_0039,чай_кофе,Пиала,Казахстан,100,банка,91.8,0.0,0,1,Globus,85.3,1,85.3,premium
prod_0039,чай_кофе,Пиала,Казахстан,100,банка,91.8,0.0,0,1,Narodny,59.1,1,59.1,premium
prod_0040,молочное,Шин-Лайн,Кыргызстан,900,картон,91.8,20.0,0,0,Globus,105.0,0,11.67,medium
prod_0040,молочное,Шин-Лайн,Кыргызстан,900,картон,91.8,20.0,0,0,Narodny,87.7,0,9.74,medium
prod_0041,масло_соусы,Злато,Россия,500,пакет,91.5,0.0,1,1,Globus,101.8,0,20.36,premium
prod_0041,масло_соусы,Злато,Россия,500,пакет,91.5,0.0,1,1,Narodny,65.4,1,13.08,medium
prod_0042,мясо,Ал-Халал,Кыргызстан,500,вакуум,321.2,0.0,0,0,Globus,350.3,0,70.06,premium
prod_0042,мясо,Ал-Халал,Кыргызстан,500,вакуум,321.2,0.0,0,0,Narodny,300.3,0,60.06,premium
prod_0043,молочное,Веселый молочник (KG),Кыргызстан,1000,пластик,92.1,2.5,0,0,Globus,75.7,1,7.57,budget
prod_0043,молочное,Веселый молочник (KG),Кыргызстан,1000,пластик,92.1,2.5,0,0,Narodny,83.0,0,8.3,budget
prod_0044,хлебобулочные,Собственная выпечка,Кыргызстан,500,пакет,21.3,0.0,0,0,Globus,20.8,1,4.16,budget
prod_0044,хлебобулочные,Собственная выпечка,Кыргызстан,500,пакет,21.3,0.0,0,0,Narodny,19.7,0,3.94,budget
prod_0045,кондитерка,Roshen,Украина,500,пакет,55.7,0.0,0,1,Globus,62.6,0,12.52,medium
prod_0045,кондитерка,Roshen,Украина,500,пакет,55.7,0.0,0,1,Narodny,36.8,1,7.36,budget
prod_0046,сыры,Dairy Spring,Кыргызстан,400,пакет,198.4,20.0,0,0,Globus,219.2,0,54.8,premium
prod_0046,сыры,Dairy Spring,Кыргызстан,400,пакет,198.4,20.0,0,0,Narodny,177.9,0,44.48,premium
prod_0047,хлебобулочные,Бишкекнан,Кыргызстан,500,пакет,27.6,0.0,0,0,Globus,30.8,0,6.16,budget
prod_0047,хлебобулочные,Бишкекнан,Кыргызстан,500,пакет,27.6,0.0,0,0,Narodny,26.7,0,5.34,budget
prod_0048,масло_соусы,Олейна,Казахстан,500,пакет,93.1,0.0,0,1,Globus,105.7,0,21.14,premium
prod_0048,масло_соусы,Олейна,Казахстан,500,пакет,93.1,0.0,0,1,Narodny,82.1,0,16.42,medium
prod_0049,бакалея,Макфа,Россия,500,пакет,35.0,0.0,0,1,Globus,37.9,0,7.58,budget
prod_0049,бакалея,Макфа,Россия,500,пакет,35.0,0.0,0,1,Narodny,32.0,0,6.4,budget
prod_0050,сыры,Умут и Ко,Кыргызстан,200,пакет,107.4,20.0,0,0,Globus,88.8,1,44.4,premium
prod_0050,сыры,Умут и Ко,Кыргызстан,200,пакет,107.4,20.0,0,0,Narodny,82.3,1,41.15,premium
prod_0051,молочное,Веселый молочник (KG),Кыргызстан,1000,картон,91.3,1.5,0,0,Globus,79.7,1,7.97,budget
prod_0051,молочное,Веселый молочник (KG),Кыргызстан,1000,картон,91.3,1.5,0,0,Narodny,83.1,0,8.31,budget
prod_0052,бакалея,Цесна,Казахстан,500,пакет,39.6,0.0,0,1,Globus,45.1,0,9.02,medium
prod_0052,бакалея,Цесна,Казахстан,500,пакет,39.6,0.0,0,1,Narodny,38.3,0,7.66,budget
prod_0053,овощи_фрукты,Generic,Кыргызстан,500,пакет,42.4,0.0,1,0,Globus,39.1,1,7.82,budget
prod_0053,овощи_фрукты,Generic,Кыргызстан,500,пакет,42.4,0.0,1,0,Narodny,30.3,1,6.06,budget
prod_0054,чай_кофе,Carte Noire,Россия,100,банка,99.3,0.0,0,1,Globus,112.7,0,112.7,premium
prod_0054,чай_кофе,Carte Noire,Россия,100,банка,99.3,0.0,0,1,Narodny,90.2,0,90.2,premium
prod_0055,бакалея,Макфа,Россия,500,пакет,46.5,0.0,0,1,Globus,51.5,0,10.3,medium
prod_0055,бакалея,Макфа,Россия,500,пакет,46.5,0.0,0,1,Narodny,35.6,1,7.12,budget
prod_0056,молочное,Домик в деревне,Россия,900,картон,78.3,3.2,0,1,Globus,86.1,0,9.57,medium
prod_0056,молочное,Домик в деревне,Россия,900,картон,78.3,3.2,0,1,Narodny,69.2,0,7.69,budget
prod_0057,овощи_фрукты,Generic,Кыргызстан,500,пакет,38.8,0.0,0,0,Globus,42.6,0,8.52,budget
prod_0057,овощи_фрукты,Generic,Кыргызстан,500,пакет,38.8,0.0,0,0,Narodny,35.7,0,7.14,budget
prod_0058,бакалея,Макфа,Россия,500,пакет,43.9,0.0,0,1,Globus,48.8,0,9.76,medium
prod_0058,бакалея,Макфа,Россия,500,пакет,43.9,0.0,0,1,Narodny,33.5,1,6.7,budget
prod_0059,овощи_фрукты,Generic,Кыргызстан,500,пакет,43.9,0.0,0,0,Globus,48.5,0,9.7,medium
prod_0059,овощи_фрукты,Generic,Кыргызстан,500,пакет,43.9,0.0,0,0,Narodny,31.1,1,6.22,budget
prod_0060,чай_кофе,Nescafe,Россия,100,банка,85.7,0.0,0,1,Globus,95.1,0,95.1,premium
prod_0060,чай_кофе,Nescafe,Россия,100,банка,85.7,0.0,0,1,Narodny,55.3,1,55.3,premium
prod_0061,крупы,Мистраль,Россия,800,пакет,55.0,0.0,1,1,Globus,47.9,1,5.99,budget
prod_0061,крупы,Мистраль,Россия,800,пакет,55.0,0.0,1,1,Narodny,41.0,1,5.12,budget
prod_0062,напитки,Sandora,Украина,1000,пластик,80.0,0.0,0,1,Globus,88.9,0,8.89,medium
prod_0062,напитки,Sandora,Украина,1000,пластик,80.0,0.0,0,1,Narodny,77.0,0,7.7,budget
prod_0063,кондитерка,Roshen,Украина,500,пакет,52.8,0.0,1,1,Globus,58.6,0,11.72,medium
prod_0063,кондитерка,Roshen,Украина,500,пакет,52.8,0.0,1,1,Narodny,41.9,1,8.38,budget
prod_0064,кондитерка,Таттуу,Кыргызстан,500,пакет,64.9,0.0,0,0,Globus,71.9,0,14.38,medium
prod_0064,кондитерка,Таттуу,Кыргызстан,500,пакет,64.9,0.0,0,0,Narodny,43.4,1,8.68,medium
prod_0065,хлебобулочные,Собственная выпечка,Кыргызстан,300,пакет,20.0,0.0,0,0,Globus,22.8,0,7.6,budget
prod_0065,хлебобулочные,Собственная выпечка,Кыргызстан,300,пакет,20.0,0.0,0,0,Narodny,13.7,1,4.57,budget
prod_0066,напитки,Sandora,Украина,1500,стекло,134.0,0.0,1,1,Globus,150.8,0,10.05,medium
prod_0066,напитки,Sandora,Украина,1500,стекло,134.0,0.0,1,1,Narodny,94.5,1,6.3,budget
prod_0067,масло_соусы,Махеевъ,Россия,500,пакет,99.0,0.0,0,1,Globus,110.0,0,22.0,premium
prod_0067,масло_соусы,Махеевъ,Россия,500,пакет,99.0,0.0,0,1,Narodny,66.3,1,13.26,medium
prod_0068,хлебобулочные,Бишкекнан,Кыргызстан,500,пакет,25.9,0.0,0,0,Globus,28.6,0,5.72,budget
prod_0068,хлебобулочные,Бишкекнан,Кыргызстан,500,пакет,25.9,0.0,0,0,Narodny,23.4,0,4.68,budget
prod_0069,хлебобулочные,Собственная выпечка,Кыргызстан,300,пакет,20.0,0.0,0,0,Globus,17.4,1,5.8,budget
prod_0069,хлебобулочные,Собственная выпечка,Кыргызстан,300,пакет,20.0,0.0,0,0,Narodny,16.5,1,5.5,budget
prod_0070,овощи_фрукты,Generic,Кыргызстан,500,пакет,41.4,0.0,0,0,Globus,38.4,1,7.68,budget
prod_0070,овощи_фрукты,Generic,Кыргызстан,500,пакет,41.4,0.0,0,0,Narodny,39.0,0,7.8,budget
prod_0071,молочное,Hochland,Россия,900,пластик,98.7,20.0,0,1,Globus,77.2,1,8.58,budget
prod_0071,молочное,Hochland,Россия,900,пластик,98.7,20.0,0,1,Narodny,88.4,0,9.82,medium
prod_0072,хлебобулочные,Собственная выпечка,Кыргызстан,500,пакет,24.9,0.0,0,0,Globus,28.6,0,5.72,budget
prod_0072,хлебобулочные,Собственная выпечка,Кыргызстан,500,пакет,24.9,0.0,0,0,Narodny,24.1,0,4.82,budget
prod_0073,чай_кофе,Greenfield,Россия,200,банка,208.2,0.0,1,1,Globus,234.6,0,117.3,premium
prod_0073,чай_кофе,Greenfield,Россия,200,банка,208.2,0.0,1,1,Narodny,147.1,1,73.55,premium
prod_0074,напитки,Rich,Россия,500,пластик,33.2,0.0,0,1,Globus,36.2,0,7.24,budget
prod_0074,напитки,Rich,Россия,500,пластик,33.2,0.0,0,1,Narodny,24.2,1,4.84,budget
prod_0075,молочное,Веселый молочник (KG),Кыргызстан,900,пластик,92.5,9.0,0,0,Globus,101.4,0,11.27,medium
prod_0075,молочное,Веселый молочник (KG),Кыргызстан,900,пластик,92.5,9.0,0,0,Narodny,70.3,1,7.81,budget
prod_0076,сыры,Умут и Ко,Кыргызстан,300,пакет,157.4,2.5,0,0,Globus,174.0,0,58.0,premium
prod_0076,сыры,Умут и Ко,Кыргызстан,300,пакет,157.4,2.5,0,0,Narodny,145.1,0,48.37,premium
prod_0077,чай_кофе,Greenfield,Россия,200,пакет,174.6,0.0,0,1,Globus,190.2,0,95.1,premium
prod_0077,чай_кофе,Greenfield,Россия,200,пакет,174.6,0.0,0,1,Narodny,154.7,0,77.35,premium
prod_0078,чай_кофе,Пиала,Казахстан,100,пакет,90.8,0.0,0,1,Globus,102.6,0,102.6,premium
prod_0078,чай_кофе,Пиала,Казахстан,100,пакет,90.8,0.0,0,1,Narodny,83.3,0,83.3,premium
prod_0079,крупы,Мистраль,Россия,1000,пакет,56.1,0.0,0,1,Globus,48.0,1,4.8,budget
prod_0079,крупы,Мистраль,Россия,1000,пакет,56.1,0.0,0,1,Narodny,49.7,0,4.97,budget
prod_0080,чай_кофе,Ассам,Казахстан,200,пакет,176.0,0.0,0,1,Globus,170.1,1,85.05,premium
prod_0080,чай_кофе,Ассам,Казахстан,200,пакет,176.0,0.0,0,1,Narodny,163.6,0,81.8,premium
prod_0081,кондитерка,Ferrero,Италия,500,коробка,62.1,0.0,0,1,Globus,56.4,1,11.28,medium
prod_0081,кондитерка,Ferrero,Италия,500,коробка,62.1,0.0,0,1,Narodny,59.5,0,11.9,medium
prod_0082,чай_кофе,Пиала,Казахстан,200,банка,206.6,0.0,0,1,Globus,230.6,0,115.3,premium
prod_0082,чай_кофе,Пиала,Казахстан,200,банка,206.6,0.0,0,1,Narodny,184.8,0,92.4,premium
prod_0083,масло_соусы,Слобода,Россия,500,пакет,85.3,0.0,0,1,Globus,93.5,0,18.7,premium
prod_0083,масло_соусы,Слобода,Россия,500,пакет,85.3,0.0,0,1,Narodny,56.6,1,11.32,medium
prod_0084,бакалея,Султан,Казахстан,500,пакет,39.1,0.0,0,1,Globus,42.8,0,8.56,budget
prod_0084,бакалея,Султан,Казахстан,500,пакет,39.1,0.0,0,1,Narodny,35.4,0,7.08,budget
prod_0085,масло_соусы,Олейна,Казахстан,500,пакет,85.5,0.0,0,1,Globus,79.5,1,15.9,medium
prod_0085,масло_соусы,Олейна,Казахстан,500,пакет,85.5,0.0,0,1,Narodny,79.8,0,15.96,medium
prod_0086,овощи_фрукты,Generic,Кыргызстан,500,пакет,43.7,0.0,0,0,Globus,47.7,0,9.54,medium
prod_0086,овощи_фрукты,Generic,Кыргызстан,500,пакет,43.7,0.0,0,0,Narodny,42.0,0,8.4,budget
prod_0087,хлебобулочные,Собственная выпечка,Кыргызстан,500,пакет,25.8,0.0,0,0,Globus,25.8,1,5.16,budget
prod_0087,хлебобулочные,Собственная выпечка,Кыргызстан,500,пакет,25.8,0.0,0,0,Narodny,22.9,0,4.58,budget
prod_0088,кондитерка,Roshen,Украина,500,коробка,56.8,0.0,0,1,Globus,47.8,1,9.56,medium
prod_0088,кондитерка,Roshen,Украина,500,коробка,56.8,0.0,0,1,Narodny,52.9,0,10.58,medium
prod_0089,яйца,Аман-Гринфуд,Кыргызстан,1140,картон,192.1,0.0,0,0,Globus,207.9,0,18.24,premium
prod_0089,яйца,Аман-Гринфуд,Кыргызстан,1140,картон,192.1,0.0,0,0,Narodny,178.5,0,15.66,medium
prod_0090,мясо,Риха,Кыргызстан,1000,вакуум,656.3,0.0,1,0,Globus,622.6,1,62.26,premium
prod_0090,мясо,Риха,Кыргызстан,1000,вакуум,656.3,0.0,1,0,Narodny,601.5,0,60.15,premium
prod_0091,овощи_фрукты,Generic,Кыргызстан,500,пакет,43.9,0.0,0,0,Globus,38.8,1,7.76,budget
prod_0091,овощи_фрукты,Generic,Кыргызстан,500,пакет,43.9,0.0,0,0,Narodny,40.5,0,8.1,budget
prod_0092,хлебобулочные,Собственная выпечка,Кыргызстан,500,пакет,23.2,0.0,0,0,Globus,25.3,0,5.06,budget
prod_0092,хлебобулочные,Собственная выпечка,Кыргызстан,500,пакет,23.2,0.0,0,0,Narodny,21.1,0,4.22,budget
prod_0093,крупы,Агро-Альянс,Россия,800,пакет,54.2,0.0,0,1,Globus,59.8,0,7.48,budget
prod_0093,крупы,Агро-Альянс,Россия,800,пакет,54.2,0.0,0,1,Narodny,51.4,0,6.42,budget
prod_0094,мясо,Тойбосс,Кыргызстан,500,вакуум,312.3,0.0,0,0,Globus,246.0,1,49.2,premium
prod_0094,мясо,Тойбосс,Кыргызстан,500,вакуум,312.3,0.0,0,0,Narodny,204.1,1,40.82,premium
prod_0095,сыры,Dairy Spring,Кыргызстан,200,пакет,88.8,1.5,0,0,Globus,101.8,0,50.9,premium
prod_0095,сыры,Dairy Spring,Кыргызстан,200,пакет,88.8,1.5,0,0,Narodny,81.5,0,40.75,premium
prod_0096,напитки,Sandora,Украина,1000,пластик,92.7,0.0,0,1,Globus,106.0,0,10.6,medium
prod_0096,напитки,Sandora,Украина,1000,пластик,92.7,0.0,0,1,Narodny,89.4,0,8.94,medium
prod_0097,чай_кофе,Tess,Россия,200,пакет,184.7,0.0,0,1,Globus,181.6,1,90.8,premium
prod_0097,чай_кофе,Tess,Россия,200,пакет,184.7,0.0,0,1,Narodny,170.3,0,85.15,premium
prod_0098,кондитерка,Ferrero,Италия,500,пакет,60.0,0.0,1,1,Globus,52.1,1,10.42,medium
prod_0098,кондитерка,Ferrero,Италия,500,пакет,60.0,0.0,1,1,Narodny,45.1,1,9.02,medium
prod_0099,чай_кофе,Greenfield,Россия,200,пакет,175.8,0.0,0,1,Globus,156.1,1,78.05,premium
prod_0099,чай_кофе,Greenfield,Россия,200,пакет,175.8,0.0,0,1,Narodny,168.0,0,84.0,premium
prod_0100,сыры,Умут и Ко,Кыргызстан,400,пакет,178.6,3.2,1,0,Globus,141.7,1,35.42,premium
prod_0100,сыры,Умут и Ко,Кыргызстан,400,пакет,178.6,3.2,1,0,Narodny,123.2,1,30.8,premium
prod_0101,яйца,Аман-Гринфуд,Кыргызстан,1240,картон,211.9,0.0,0,0,Globus,166.8,1,13.45,medium
prod_0101,яйца,Аман-Гринфуд,Кыргызстан,1240,картон,211.9,0.0,0,0,Narodny,197.2,0,15.9,medium
prod_0102,крупы,Мистраль,Россия,800,пакет,54.1,0.0,0,1,Globus,59.5,0,7.44,budget
prod_0102,крупы,Мистраль,Россия,800,пакет,54.1,0.0,0,1,Narodny,49.8,0,6.22,budget
prod_0103,масло_соусы,Олейна,Казахстан,500,пакет,82.8,0.0,0,1,Globus,94.2,0,18.84,premium
prod_0103,масло_соусы,Олейна,Казахстан,500,пакет,82.8,0.0,0,1,Narodny,55.7,1,11.14,medium
prod_0104,напитки,Артезиан,Кыргызстан,1000,пластик,88.5,0.0,0,0,Globus,97.9,0,9.79,medium
prod_0104,напитки,Артезиан,Кыргызстан,1000,пластик,88.5,0.0,0,0,Narodny,82.3,0,8.23,budget
prod_0105,сыры,President,Россия,200,пакет,108.2,3.2,0,1,Globus,117.9,0,58.95,premium
prod_0105,сыры,President,Россия,200,пакет,108.2,3.2,0,1,Narodny,70.2,1,35.1,premium
prod_0106,напитки,Sandora,Украина,1000,стекло,107.0,0.0,0,1,Globus,120.9,0,12.09,medium
prod_0106,напитки,Sandora,Украина,1000,стекло,107.0,0.0,0,1,Narodny,87.1,1,8.71,medium
prod_0107,чай_кофе,Пиала,Казахстан,100,пакет,91.6,0.0,0,1,Globus,99.8,0,99.8,premium
prod_0107,чай_кофе,Пиала,Казахстан,100,пакет,91.6,0.0,0,1,Narodny,83.2,0,83.2,premium
prod_0108,овощи_фрукты,Generic,Кыргызстан,500,пакет,41.0,0.0,0,0,Globus,46.0,0,9.2,medium
prod_0108,овощи_фрукты,Generic,Кыргызстан,500,пакет,41.0,0.0,0,0,Narodny,38.3,0,7.66,budget
prod_0109,яйца,Элдик,Кыргызстан,560,картон,88.3,0.0,0,0,Globus,98.5,0,17.59,premium
prod_0109,яйца,Элдик,Кыргызстан,560,картон,88.3,0.0,0,0,Narodny,82.2,0,14.68,medium
prod_0110,яйца,Элдик,Кыргызстан,1890,картон,275.2,0.0,0,0,Globus,297.5,0,15.74,medium
prod_0110,яйца,Элдик,Кыргызстан,1890,картон,275.2,0.0,0,0,Narodny,244.9,0,12.96,medium
prod_0111,хлебобулочные,Собственная выпечка,Кыргызстан,500,пакет,24.9,0.0,0,0,Globus,27.4,0,5.48,budget
prod_0111,хлебобулочные,Собственная выпечка,Кыргызстан,500,пакет,24.9,0.0,0,0,Narodny,23.9,0,4.78,budget
prod_0112,чай_кофе,Jacobs,Россия,100,пакет,90.5,0.0,0,1,Globus,84.4,1,84.4,premium
prod_0112,чай_кофе,Jacobs,Россия,100,пакет,90.5,0.0,0,1,Narodny,87.6,0,87.6,premium
prod_0113,чай_кофе,Ассам,Казахстан,200,пакет,224.3,0.0,0,1,Globus,195.7,1,97.85,premium
prod_0113,чай_кофе,Ассам,Казахстан,200,пакет,224.3,0.0,0,1,Narodny,208.0,0,104.0,premium
prod_0114,кондитерка,Таттуу,Кыргызстан,500,коробка,58.8,0.0,1,0,Globus,66.7,0,13.34,medium
prod_0114,кондитерка,Таттуу,Кыргызстан,500,коробка,58.8,0.0,1,0,Narodny,45.7,1,9.14,medium
prod_0115,масло_соусы,Махеевъ,Россия,500,пакет,92.7,0.0,0,1,Globus,82.5,1,16.5,medium
prod_0115,масло_соусы,Махеевъ,Россия,500,пакет,92.7,0.0,0,1,Narodny,85.1,0,17.02,premium
prod_0116,чай_кофе,Nescafe,Россия,100,пакет,89.7,0.0,0,1,Globus,98.2,0,98.2,premium
prod_0116,чай_кофе,Nescafe,Россия,100,пакет,89.7,0.0,0,1,Narodny,83.9,0,83.9,premium
prod_0117,крупы,Мистраль,Россия,1000,пакет,61.8,0.0,0,1,Globus,70.4,0,7.04,budget
prod_0117,крупы,Мистраль,Россия,1000,пакет,61.8,0.0,0,1,Narodny,58.3,0,5.83,budget
prod_0118,кондитерка,Roshen,Украина,500,коробка,66.9,0.0,0,1,Globus,74.9,0,14.98,medium
prod_0118,кондитерка,Roshen,Украина,500,коробка,66.9,0.0,0,1,Narodny,61.8,0,12.36,medium
prod_0119,сыры,Dairy Spring,Кыргызстан,200,пакет,111.8,1.5,0,0,Globus,128.2,0,64.1,premium
prod_0119,сыры,Dairy Spring,Кыргызстан,200,пакет,111.8,1.5,0,0,Narodny,103.7,0,51.85,premium
prod_0120,мясо,Шер,Кыргызстан,500,пакет,350.7,0.0,0,0,Globus,395.3,0,79.06,premium
prod_0120,мясо,Шер,Кыргызстан,500,пакет,350.7,0.0,0,0,Narodny,330.1,0,66.02,premium
prod_0121,крупы,Агро-Альянс,Россия,1000,пакет,63.6,0.0,0,1,Globus,69.9,0,6.99,budget
prod_0121,крупы,Агро-Альянс,Россия,1000,пакет,63.6,0.0,0,1,Narodny,46.7,1,4.67,budget
prod_0122,молочное,Белая Река,Кыргызстан,900,пластик,97.5,1.5,0,0,Globus,111.7,0,12.41,medium
prod_0122,молочное,Белая Река,Кыргызстан,900,пластик,97.5,1.5,0,0,Narodny,92.6,0,10.29,medium
prod_0123,бакалея,Султан,Казахстан,500,пакет,36.5,0.0,0,1,Globus,41.2,0,8.24,budget
prod_0123,бакалея,Султан,Казахстан,500,пакет,36.5,0.0,0,1,Narodny,33.7,0,6.74,budget
prod_0124,чай_кофе,Ассам,Казахстан,100,пакет,95.3,0.0,0,1,Globus,109.2,0,109.2,premium
prod_0124,чай_кофе,Ассам,Казахстан,100,пакет,95.3,0.0,0,1,Narodny,86.3,0,86.3,premium
prod_0125,кондитерка,Ferrero,Италия,500,пакет,73.1,0.0,0,1,Globus,81.7,0,16.34,medium
prod_0125,кондитерка,Ferrero,Италия,500,пакет,73.1,0.0,0,1,Narodny,66.9,0,13.38,medium
prod_0126,яйца,Элдик,Кыргызстан,630,картон,73.8,0.0,0,0,Globus,59.3,1,9.41,medium
prod_0126,яйца,Элдик,Кыргызстан,630,картон,73.8,0.0,0,0,Narodny,63.1,1,10.02,medium
prod_0127,бакалея,Акун,Кыргызстан,500,пакет,40.1,0.0,0,0,Globus,45.1,0,9.02,medium
prod_0127,бакалея,Акун,Кыргызстан,500,пакет,40.1,0.0,0,0,Narodny,36.1,0,7.22,budget
prod_0128,сыры,President,Россия,200,пакет,105.0,3.2,0,1,Globus,115.4,0,57.7,premium
prod_0128,сыры,President,Россия,200,пакет,105.0,3.2,0,1,Narodny,80.5,1,40.25,premium
prod_0129,кондитерка,Ferrero,Италия,500,пакет,57.0,0.0,0,1,Globus,55.1,1,11.02,medium
prod_0129,кондитерка,Ferrero,Италия,500,пакет,57.0,0.0,0,1,Narodny,37.0,1,7.4,budget
prod_0130,овощи_фрукты,Generic,Кыргызстан,500,пакет,33.8,0.0,1,0,Globus,37.3,0,7.46,budget
prod_0130,овощи_фрукты,Generic,Кыргызстан,500,пакет,33.8,0.0,1,0,Narodny,28.4,1,5.68,budget
prod_0131,напитки,Rich,Россия,1500,стекло,135.9,0.0,0,1,Globus,129.6,1,8.64,medium
prod_0131,напитки,Rich,Россия,1500,стекло,135.9,0.0,0,1,Narodny,130.4,0,8.69,medium
prod_0132,бакалея,Шедевр,Россия,500,пакет,38.0,0.0,0,1,Globus,42.8,0,8.56,budget
prod_0132,бакалея,Шедевр,Россия,500,пакет,38.0,0.0,0,1,Narodny,24.5,1,4.9,budget
prod_0133,овощи_фрукты,Generic,Кыргызстан,500,пакет,41.9,0.0,0,0,Globus,47.5,0,9.5,medium
prod_0133,овощи_фрукты,Generic,Кыргызстан,500,пакет,41.9,0.0,0,0,Narodny,37.7,0,7.54,budget
prod_0134,овощи_фрукты,Generic,Кыргызстан,500,пакет,36.3,0.0,0,0,Globus,36.6,1,7.32,budget
prod_0134,овощи_фрукты,Generic,Кыргызстан,500,пакет,36.3,0.0,0,0,Narodny,33.3,0,6.66,budget
prod_0135,бакалея,Шедевр,Россия,500,пакет,49.1,0.0,0,1,Globus,48.8,1,9.76,medium
prod_0135,бакалея,Шедевр,Россия,500,пакет,49.1,0.0,0,1,Narodny,39.7,1,7.94,budget
prod_0136,овощи_фрукты,Generic,Кыргызстан,500,пакет,36.9,0.0,1,0,Globus,29.8,1,5.96,budget
prod_0136,овощи_фрукты,Generic,Кыргызстан,500,пакет,36.9,0.0,1,0,Narodny,33.5,0,6.7,budget
prod_0137,кондитерка,Roshen,Украина,500,пакет,58.1,0.0,0,1,Globus,66.5,0,13.3,medium
prod_0137,кондитерка,Roshen,Украина,500,пакет,58.1,0.0,0,1,Narodny,53.5,0,10.7,medium
prod_0138,масло_соусы,Олейна,Казахстан,500,пакет,97.3,0.0,0,1,Globus,108.7,0,21.74,premium
prod_0138,масло_соусы,Олейна,Казахстан,500,пакет,97.3,0.0,0,1,Narodny,86.8,0,17.36,premium
prod_0139,сыры,President,Россия,200,пакет,91.2,3.2,0,1,Globus,100.2,0,50.1,premium
prod_0139,сыры,President,Россия,200,пакет,91.2,3.2,0,1,Narodny,83.0,0,41.5,premium
prod_0140,кондитерка,Roshen,Украина,500,пакет,61.4,0.0,0,1,Globus,69.1,0,13.82,medium
prod_0140,кондитерка,Roshen,Украина,500,пакет,61.4,0.0,0,1,Narodny,54.1,0,10.82,medium
prod_0141,сыры,Dairy Spring,Кыргызстан,300,пакет,176.4,20.0,0,0,Globus,194.2,0,64.73,premium
prod_0141,сыры,Dairy Spring,Кыргызстан,300,пакет,176.4,20.0,0,0,Narodny,158.3,0,52.77,premium
prod_0142,напитки,Coca-Cola (KG),Кыргызстан,500,пластик,37.8,0.0,0,0,Globus,42.5,0,8.5,budget
prod_0142,напитки,Coca-Cola (KG),Кыргызстан,500,пластик,37.8,0.0,0,0,Narodny,34.7,0,6.94,budget
prod_0143,чай_кофе,Ассам,Казахстан,200,банка,183.3,0.0,0,1,Globus,182.1,1,91.05,premium
prod_0143,чай_кофе,Ассам,Казахстан,200,банка,183.3,0.0,0,1,Narodny,169.2,0,84.6,premium
prod_0144,напитки,Sandora,Украина,1000,пластик,92.3,0.0,0,1,Globus,99.7,0,9.97,medium
prod_0144,напитки,Sandora,Украина,1000,пластик,92.3,0.0,0,1,Narodny,65.1,1,6.51,budget
prod_0145,масло_соусы,Злато,Россия,500,пакет,97.0,0.0,0,1,Globus,108.7,0,21.74,premium
prod_0145,масло_соусы,Злато,Россия,500,пакет,97.0,0.0,0,1,Narodny,87.6,0,17.52,premium
prod_0146,масло_соусы,Олейна,Казахстан,500,пакет,78.9,0.0,0,1,Globus,86.5,0,17.3,premium
prod_0146,масло_соусы,Олейна,Казахстан,500,пакет,78.9,0.0,0,1,Narodny,60.9,1,12.18,medium
prod_0147,сыры,Hochland,Россия,300,пакет,135.4,3.2,0,1,Globus,155.0,0,51.67,premium
prod_0147,сыры,Hochland,Россия,300,пакет,135.4,3.2,0,1,Narodny,128.5,0,42.83,premium
prod_0148,масло_соусы,Олейна,Казахстан,500,пакет,94.7,0.0,0,1,Globus,106.5,0,21.3,premium
prod_0148,масло_соусы,Олейна,Казахстан,500,пакет,94.7,0.0,0,1,Narodny,77.1,1,15.42,medium
prod_0149,напитки,Rich,Россия,500,стекло,46.3,0.0,1,1,Globus,51.6,0,10.32,medium
prod_0149,напитки,Rich,Россия,500,стекло,46.3,0.0,1,1,Narodny,44.9,0,8.98,medium
prod_0150,чай_кофе,Ассам,Казахстан,200,пакет,184.5,0.0,0,1,Globus,208.3,0,104.15,premium
prod_0150,чай_кофе,Ассам,Казахстан,200,пакет,184.5,0.0,0,1,Narodny,174.9,0,87.45,premium
prod_0151,молочное,Домик в деревне (KG),Кыргызстан,1000,картон,98.3,9.0,1,0,Globus,111.8,0,11.18,medium
prod_0151,молочное,Домик в деревне (KG),Кыргызстан,1000,картон,98.3,9.0,1,0,Narodny,92.5,0,9.25,medium
prod_0152,крупы,Агро-Альянс,Россия,800,пакет,52.2,0.0,0,1,Globus,59.3,0,7.41,budget
prod_0152,крупы,Агро-Альянс,Россия,800,пакет,52.2,0.0,0,1,Narodny,48.4,0,6.05,budget
prod_0153,бакалея,Алия,Кыргызстан,500,пакет,43.5,0.0,0,0,Globus,43.1,1,8.62,medium
prod_0153,бакалея,Алия,Кыргызстан,500,пакет,43.5,0.0,0,0,Narodny,33.8,1,6.76,budget
prod_0154,овощи_фрукты,Generic,Кыргызстан,500,пакет,41.2,0.0,0,0,Globus,45.0,0,9.0,medium
prod_0154,овощи_фрукты,Generic,Кыргызстан,500,пакет,41.2,0.0,0,0,Narodny,37.9,0,7.58,budget
prod_0155,масло_соусы,Олейна,Казахстан,500,пакет,83.6,0.0,0,1,Globus,94.5,0,18.9,premium
prod_0155,масло_соусы,Олейна,Казахстан,500,пакет,83.6,0.0,0,1,Narodny,80.3,0,16.06,medium
prod_0156,напитки,Rich,Россия,500,пластик,53.4,0.0,0,1,Globus,45.3,1,9.06,medium
prod_0156,напитки,Rich,Россия,500,пластик,53.4,0.0,0,1,Narodny,49.7,0,9.94,medium
prod_0157,мясо,Ал-Халал,Кыргызстан,500,пакет,340.4,0.0,0,0,Globus,383.7,0,76.74,premium
prod_0157,мясо,Ал-Халал,Кыргызстан,500,пакет,340.4,0.0,0,0,Narodny,210.3,1,42.06,premium
prod_0158,молочное,Домик в деревне,Россия,1000,пластик,83.7,3.2,0,1,Globus,71.9,1,7.19,budget
prod_0158,молочное,Домик в деревне,Россия,1000,пластик,83.7,3.2,0,1,Narodny,78.9,0,7.89,budget
prod_0159,напитки,Rich,Россия,1500,пластик,143.9,0.0,0,1,Globus,156.0,0,10.4,medium
prod_0159,напитки,Rich,Россия,1500,пластик,143.9,0.0,0,1,Narodny,139.4,0,9.29,medium
prod_0160,мясо,Шер,Кыргызстан,500,пакет,293.3,0.0,0,0,Globus,234.6,1,46.92,premium
prod_0160,мясо,Шер,Кыргызстан,500,пакет,293.3,0.0,0,0,Narodny,275.0,0,55.0,premium
prod_0161,бакалея,Алия,Кыргызстан,500,пакет,45.8,0.0,0,0,Globus,52.6,0,10.52,medium
prod_0161,бакалея,Алия,Кыргызстан,500,пакет,45.8,0.0,0,0,Narodny,44.0,0,8.8,medium
prod_0162,молочное,Hochland,Россия,900,картон,95.4,9.0,0,1,Globus,109.2,0,12.13,medium
prod_0162,молочное,Hochland,Россия,900,картон,95.4,9.0,0,1,Narodny,84.6,0,9.4,medium
prod_0163,сыры,President,Россия,400,пакет,190.9,9.0,0,1,Globus,190.0,1,47.5,premium
prod_0163,сыры,President,Россия,400,пакет,190.9,9.0,0,1,Narodny,170.0,0,42.5,premium
prod_0164,напитки,Sandora,Украина,500,пластик,49.3,0.0,0,1,Globus,48.9,1,9.78,medium
prod_0164,напитки,Sandora,Украина,500,пластик,49.3,0.0,0,1,Narodny,47.1,0,9.42,medium
prod_0165,хлебобулочные,Собственная выпечка,Кыргызстан,300,пакет,20.0,0.0,0,0,Globus,23.0,0,7.67,budget
prod_0165,хлебобулочные,Собственная выпечка,Кыргызстан,300,пакет,20.0,0.0,0,0,Narodny,18.9,0,6.3,budget
prod_0166,сыры,Умут и Ко,Кыргызстан,300,пакет,168.8,20.0,0,0,Globus,148.0,1,49.33,premium
prod_0166,сыры,Умут и Ко,Кыргызстан,300,пакет,168.8,20.0,0,0,Narodny,132.0,1,44.0,premium
prod_0167,напитки,Rich,Россия,1500,стекло,160.6,0.0,0,1,Globus,151.5,1,10.1,medium
prod_0167,напитки,Rich,Россия,1500,стекло,160.6,0.0,0,1,Narodny,150.2,0,10.01,medium
prod_0168,чай_кофе,Greenfield,Россия,100,банка,87.8,0.0,0,1,Globus,71.6,1,71.6,premium
prod_0168,чай_кофе,Greenfield,Россия,100,банка,87.8,0.0,0,1,Narodny,82.0,0,82.0,premium
prod_0169,молочное,President,Россия,900,картон,79.1,3.2,0,1,Globus,89.1,0,9.9,medium
prod_0169,молочное,President,Россия,900,картон,79.1,3.2,0,1,Narodny,56.2,1,6.24,budget
prod_0170,овощи_фрукты,Generic,Кыргызстан,500,пакет,36.4,0.0,0,0,Globus,40.7,0,8.14,budget
prod_0170,овощи_фрукты,Generic,Кыргызстан,500,пакет,36.4,0.0,0,0,Narodny,31.1,1,6.22,budget
prod_0171,масло_соусы,Олейна,Казахстан,500,пакет,82.7,0.0,0,1,Globus,90.7,0,18.14,premium
prod_0171,масло_соусы,Олейна,Казахстан,500,пакет,82.7,0.0,0,1,Narodny,77.1,0,15.42,medium
prod_0172,крупы,Агро-Альянс,Россия,1000,пакет,69.5,0.0,0,1,Globus,78.8,0,7.88,budget
prod_0172,крупы,Агро-Альянс,Россия,1000,пакет,69.5,0.0,0,1,Narodny,62.6,0,6.26,budget
prod_0173,мясо,Риха,Кыргызстан,1000,пакет,672.2,0.0,1,0,Globus,772.4,0,77.24,premium
prod_0173,мясо,Риха,Кыргызстан,1000,пакет,672.2,0.0,1,0,Narodny,500.2,1,50.02,premium
prod_0174,овощи_фрукты,Generic,Кыргызстан,500,пакет,41.1,0.0,0,0,Globus,46.1,0,9.22,medium
prod_0174,овощи_фрукты,Generic,Кыргызстан,500,пакет,41.1,0.0,0,0,Narodny,36.8,0,7.36,budget
prod_0175,крупы,Агро-Альянс,Россия,1000,пакет,75.8,0.0,0,1,Globus,65.2,1,6.52,budget
prod_0175,крупы,Агро-Альянс,Россия,1000,пакет,75.8,0.0,0,1,Narodny,71.1,0,7.11,budget
prod_0176,хлебобулочные,Бишкекнан,Кыргызстан,500,пакет,25.0,0.0,0,0,Globus,27.9,0,5.58,budget
prod_0176,хлебобулочные,Бишкекнан,Кыргызстан,500,пакет,25.0,0.0,0,0,Narodny,16.9,1,3.38,budget
prod_0177,масло_соусы,Олейна,Казахстан,500,пакет,103.1,0.0,0,1,Globus,85.9,1,17.18,premium
prod_0177,масло_соусы,Олейна,Казахстан,500,пакет,103.1,0.0,0,1,Narodny,78.2,1,15.64,medium
prod_0178,кондитерка,Ferrero,Италия,500,пакет,58.4,0.0,1,1,Globus,63.3,0,12.66,medium
prod_0178,кондитерка,Ferrero,Италия,500,пакет,58.4,0.0,1,1,Narodny,53.6,0,10.72,medium
prod_0179,молочное,Hochland,Россия,900,картон,108.8,2.5,0,1,Globus,92.3,1,10.26,medium
prod_0179,молочное,Hochland,Россия,900,картон,108.8,2.5,0,1,Narodny,96.5,0,10.72,medium
prod_0180,бакалея,Шедевр,Россия,500,пакет,45.2,0.0,0,1,Globus,50.0,0,10.0,medium
prod_0180,бакалея,Шедевр,Россия,500,пакет,45.2,0.0,0,1,Narodny,33.5,1,6.7,budget
prod_0181,чай_кофе,Nescafe,Россия,100,банка,82.3,0.0,0,1,Globus,66.0,1,66.0,premium
prod_0181,чай_кофе,Nescafe,Россия,100,банка,82.3,0.0,0,1,Narodny,78.4,0,78.4,premium
prod_0182,кондитерка,Таттуу,Кыргызстан,500,коробка,53.6,0.0,0,0,Globus,44.8,1,8.96,medium
prod_0182,кондитерка,Таттуу,Кыргызстан,500,коробка,53.6,0.0,0,0,Narodny,51.5,0,10.3,medium
prod_0183,напитки,Sandora,Украина,1500,стекло,141.5,0.0,0,1,Globus,119.4,1,7.96,budget
prod_0183,напитки,Sandora,Украина,1500,стекло,141.5,0.0,0,1,Narodny,134.0,0,8.93,medium
prod_0184,яйца,Аман-Гринфуд,Кыргызстан,1180,картон,223.5,0.0,0,0,Globus,253.2,0,21.46,premium
prod_0184,яйца,Аман-Гринфуд,Кыргызстан,1180,картон,223.5,0.0,0,0,Narodny,210.7,0,17.86,premium
prod_0185,мясо,Шер,Кыргызстан,500,вакуум,348.2,0.0,0,0,Globus,294.8,1,58.96,premium
prod_0185,мясо,Шер,Кыргызстан,500,вакуум,348.2,0.0,0,0,Narodny,315.3,0,63.06,premium
prod_0186,напитки,Legend,Кыргызстан,500,пластик,47.1,0.0,0,0,Globus,53.0,0,10.6,medium
prod_0186,напитки,Legend,Кыргызстан,500,пластик,47.1,0.0,0,0,Narodny,43.0,0,8.6,budget
prod_0187,напитки,Sandora,Украина,1500,пластик,134.0,0.0,0,1,Globus,149.1,0,9.94,medium
prod_0187,напитки,Sandora,Украина,1500,пластик,134.0,0.0,0,1,Narodny,126.6,0,8.44,budget
prod_0188,бакалея,Алия,Кыргызстан,500,пакет,38.9,0.0,0,0,Globus,32.7,1,6.54,budget
prod_0188,бакалея,Алия,Кыргызстан,500,пакет,38.9,0.0,0,0,Narodny,34.4,0,6.88,budget
prod_0189,молочное,Умут и Ко,Кыргызстан,1000,картон,80.6,20.0,0,0,Globus,74.0,1,7.4,budget
prod_0189,молочное,Умут и Ко,Кыргызстан,1000,картон,80.6,20.0,0,0,Narodny,75.2,0,7.52,budget
prod_0190,бакалея,Макфа,Россия,500,пакет,40.6,0.0,0,1,Globus,33.3,1,6.66,budget
prod_0190,бакалея,Макфа,Россия,500,пакет,40.6,0.0,0,1,Narodny,30.6,1,6.12,budget
prod_0191,чай_кофе,Nescafe,Россия,200,банка,195.4,0.0,0,1,Globus,223.9,0,111.95,premium
prod_0191,чай_кофе,Nescafe,Россия,200,банка,195.4,0.0,0,1,Narodny,185.4,0,92.7,premium
prod_0192,мясо,Шер,Кыргызстан,500,вакуум,332.0,0.0,0,0,Globus,375.4,0,75.08,premium
prod_0192,мясо,Шер,Кыргызстан,500,вакуум,332.0,0.0,0,0,Narodny,305.9,0,61.18,premium
prod_0193,яйца,Элдик,Кыргызстан,1650,картон,245.6,0.0,0,0,Globus,219.6,1,13.31,medium
prod_0193,яйца,Элдик,Кыргызстан,1650,картон,245.6,0.0,0,0,Narodny,220.2,0,13.35,medium
prod_0194,мясо,Ал-Халал,Кыргызстан,500,вакуум,330.6,0.0,0,0,Globus,380.0,0,76.0,premium
prod_0194,мясо,Ал-Халал,Кыргызстан,500,вакуум,330.6,0.0,0,0,Narodny,306.5,0,61.3,premium
prod_0195,бакалея,Акун,Кыргызстан,500,пакет,44.1,0.0,0,0,Globus,47.9,0,9.58,medium
prod_0195,бакалея,Акун,Кыргызстан,500,пакет,44.1,0.0,0,0,Narodny,28.4,1,5.68,budget
prod_0196,сыры,President,Россия,400,пакет,189.6,1.5,0,1,Globus,155.6,1,38.9,premium
prod_0196,сыры,President,Россия,400,пакет,189.6,1.5,0,1,Narodny,170.6,0,42.65,premium
prod_0197,мясо,Ал-Халал,Кыргызстан,1000,вакуум,660.0,0.0,0,0,Globus,715.6,0,71.56,premium
prod_0197,мясо,Ал-Халал,Кыргызстан,1000,вакуум,660.0,0.0,0,0,Narodny,636.3,0,63.63,premium
prod_0198,крупы,Мистраль,Россия,800,пакет,56.3,0.0,0,1,Globus,51.1,1,6.39,budget
prod_0198,крупы,Мистраль,Россия,800,пакет,56.3,0.0,0,1,Narodny,43.6,1,5.45,budget
prod_0199,яйца,Элдик,Кыргызстан,650,картон,85.1,0.0,1,0,Globus,76.1,1,11.71,medium
prod_0199,яйца,Элдик,Кыргызстан,650,картон,85.1,0.0,1,0,Narodny,80.2,0,12.34,medium
prod_0200,овощи_фрукты,Generic,Кыргызстан,500,пакет,41.4,0.0,0,0,Globus,41.9,1,8.38,budget
prod_0200,овощи_фрукты,Generic,Кыргызстан,500,пакет,41.4,0.0,0,0,Narodny,31.6,1,6.32,budget
prod_0201,масло_соусы,Махеевъ,Россия,500,пакет,95.0,0.0,0,1,Globus,104.3,0,20.86,premium
prod_0201,масло_соусы,Махеевъ,Россия,500,пакет,95.0,0.0,0,1,Narodny,80.6,1,16.12,medium
prod_0202,яйца,Аман-Гринфуд,Кыргызстан,1280,картон,196.5,0.0,0,0,Globus,183.4,1,14.33,medium
prod_0202,яйца,Аман-Гринфуд,Кыргызстан,1280,картон,196.5,0.0,0,0,Narodny,178.2,0,13.92,medium
prod_0203,бакалея,Цесна,Казахстан,500,пакет,47.0,0.0,0,1,Globus,51.0,0,10.2,medium
prod_0203,бакалея,Цесна,Казахстан,500,пакет,47.0,0.0,0,1,Narodny,34.5,1,6.9,budget
prod_0204,масло_соусы,Олейна,Казахстан,500,пакет,77.6,0.0,0,1,Globus,85.9,0,17.18,premium
prod_0204,масло_соусы,Олейна,Казахстан,500,пакет,77.6,0.0,0,1,Narodny,72.7,0,14.54,medium
prod_0205,масло_соусы,Махеевъ,Россия,500,пакет,81.6,0.0,0,1,Globus,88.6,0,17.72,premium
prod_0205,масло_соусы,Махеевъ,Россия,500,пакет,81.6,0.0,0,1,Narodny,76.5,0,15.3,medium
prod_0206,кондитерка,Roshen,Украина,500,пакет,63.1,0.0,0,1,Globus,72.5,0,14.5,medium
prod_0206,кондитерка,Roshen,Украина,500,пакет,63.1,0.0,0,1,Narodny,60.6,0,12.12,medium
prod_0207,сыры,Hochland,Россия,200,пакет,109.3,1.5,0,1,Globus,119.8,0,59.9,premium
prod_0207,сыры,Hochland,Россия,200,пакет,109.3,1.5,0,1,Narodny,103.0,0,51.5,premium
prod_0208,напитки,Sandora,Украина,1000,стекло,94.6,0.0,0,1,Globus,104.0,0,10.4,medium
prod_0208,напитки,Sandora,Украина,1000,стекло,94.6,0.0,0,1,Narodny,72.0,1,7.2,budget
prod_0209,кондитерка,Ferrero,Италия,500,пакет,83.1,0.0,0,1,Globus,81.4,1,16.28,medium
prod_0209,кондитерка,Ferrero,Италия,500,пакет,83.1,0.0,0,1,Narodny,53.4,1,10.68,medium
prod_0210,сыры,Dairy Spring,Кыргызстан,300,пакет,164.9,9.0,0,0,Globus,187.6,0,62.53,premium
prod_0210,сыры,Dairy Spring,Кыргызстан,300,пакет,164.9,9.0,0,0,Narodny,129.2,1,43.07,premium
prod_0211,крупы,Мистраль,Россия,800,пакет,62.4,0.0,0,1,Globus,69.9,0,8.74,medium
prod_0211,крупы,Мистраль,Россия,800,пакет,62.4,0.0,0,1,Narodny,58.7,0,7.34,budget
prod_0212,мясо,Шер,Кыргызстан,1000,пакет,712.0,0.0,1,0,Globus,788.1,0,78.81,premium
prod_0212,мясо,Шер,Кыргызстан,1000,пакет,712.0,0.0,1,0,Narodny,677.2,0,67.72,premium
prod_0213,овощи_фрукты,Generic,Кыргызстан,500,пакет,42.6,0.0,0,0,Globus,46.2,0,9.24,medium
prod_0213,овощи_фрукты,Generic,Кыргызстан,500,пакет,42.6,0.0,0,0,Narodny,29.0,1,5.8,budget
prod_0214,напитки,Артезиан,Кыргызстан,1000,стекло,87.2,0.0,1,0,Globus,94.6,0,9.46,medium
prod_0214,напитки,Артезиан,Кыргызстан,1000,стекло,87.2,0.0,1,0,Narodny,81.6,0,8.16,budget
prod_0215,крупы,Увелка,Россия,800,пакет,60.3,0.0,0,1,Globus,69.2,0,8.65,medium
prod_0215,крупы,Увелка,Россия,800,пакет,60.3,0.0,0,1,Narodny,56.5,0,7.06,budget
prod_0216,напитки,Rich,Россия,500,стекло,41.5,0.0,0,1,Globus,37.4,1,7.48,budget
prod_0216,напитки,Rich,Россия,500,стекло,41.5,0.0,0,1,Narodny,31.0,1,6.2,budget
prod_0217,молочное,Домик в деревне,Россия,1000,картон,92.8,3.2,0,1,Globus,102.7,0,10.27,medium
prod_0217,молочное,Домик в деревне,Россия,1000,картон,92.8,3.2,0,1,Narodny,60.1,1,6.01,budget
prod_0218,сыры,President,Россия,300,пакет,148.4,9.0,1,1,Globus,163.1,0,54.37,premium
prod_0218,сыры,President,Россия,300,пакет,148.4,9.0,1,1,Narodny,109.7,1,36.57,premium
prod_0219,хлебобулочные,Собственная выпечка,Кыргызстан,500,пакет,25.2,0.0,0,0,Globus,24.7,1,4.94,budget
prod_0219,хлебобулочные,Собственная выпечка,Кыргызстан,500,пакет,25.2,0.0,0,0,Narodny,23.2,0,4.64,budget
